Sennot Square,Information Science,12 mins
Sennot Square,Allen Hall,6 mins
Sennot Square,Public Health,4 mins
Information Science,Public Health,12 mins
Information Science,Victoria,16 mins
Information Science,Frick Fine Arts,10 mins
Sennot Square,Frick Fine Arts,7 mins
Sennot Square,Lawrence,2 mins
Information Science,Lawrence,10 mins
Information Science,Cathedral,7 mins
Sennot Square,Cathedral,6 mins
Cathedral,Victoria,11 mins
Benedum,Victoria,5 mins
Benedum,Information Science,11 mins
Information Science,Allen Hall,11 mins
Posvar,Information Science,13 mins
Posvar,Sennot Square,2 mins
Alumni,Sennot Square,9 mins
Alumni,Information Science,4 mins
Sennot Square,Barco Law,1 mins
Sennot Square,Music,11 mins
Sennot Square,Chevron,12 mins
Sennot Square,William Pitt,4 mins
Information Science,William Pitt,9 mins
